EUR,GBP,BRL,USD,data
1,0.844462,6.241838,1.101066,2024-09-11
