EUR,GBP,BRL,USD,data
1,0.842164,6.216004,1.106721,2024-09-02
