EUR,GBP,BRL,USD,data
1,0.84424,6.206561,1.10869,2024-09-08
