EUR,GBP,BRL,USD,data
1,0.843051,6.253706,1.108125,2024-09-04
