EUR,GBP,BRL,USD,data
1,0.842556,6.241344,1.104869,2024-09-03
