EUR,GBP,BRL,USD,data
1,0.844964,6.210293,1.109257,2024-09-06
