EUR,GBP,BRL,USD,data
1,0.843579,6.233573,1.107757,2024-09-12
