EUR,GBP,BRL,USD,data
1,0.84473,6.209738,1.109257,2024-09-07
