EUR,GBP,BRL,USD,data
1,0.841322,6.196794,1.10446,2024-09-01
