EUR,GBP,BRL,USD,data
1,0.844359,6.16405,1.103521,2024-09-09
