EUR,GBP,BRL,USD,data
1,0.84248,6.241936,1.101959,2024-09-10
