EUR,GBP,BRL,USD,data
1,0.843204,6.18766,1.11108,2024-09-05
